title,first_name,last_name,email,company,job_title,university
Mr,Tommy,Folker,tfolker0@sohu.com,"Haley, Stamm and Rogahn",Quality Control Specialist,"Islamic Azad University, Falavarjan "
Ms,Aeriell,Rilton,arilton1@macromedia.com,Cronin Group,Web Designer I,St. Matthews University
Dr,Hermine,William,hwilliam2@cornell.edu,"Fritsch, Wunsch and Johns",Project Manager,Bells University of Technology
Mrs,Paxton,Clemon,pclemon3@istockphoto.com,Gislason-Dach,Human Resources Assistant II,ISFORT - Institut de Formation en Technologie Alimentaire
Honorable,Buiron,Mateev,bmateev4@abc.net.au,"Rempel, DuBuque and Kozey",Staff Scientist,Melaka City Polytechnic
Honorable,Garald,Chiene,gchiene5@blog.com,Harris Inc,Account Representative I,Ecole Nationale Supérieure des Industries Textiles de Mulhouse
Honorable,Thea,Blankau,tblankau6@hc360.com,"Collins, Kilback and Kirlin",Assistant Media Planner,American College of Greece
Dr,Terri,Anersen,tanersen7@microsoft.com,Zboncak Group,Biostatistician IV,Al Imam Al-Ouzai University
Ms,Donalt,Bunyard,dbunyard8@w3.org,Thompson LLC,Executive Secretary,DeVry Institute of Technology
Rev,Gilbertine,Braundt,gbraundt9@vk.com,Wiza-Von,Structural Analysis Engineer,University of Montevallo
